{
    "Belanja Bulanan": 0.12974620634815454,
    "Bensin": 0.07786097674110397,
    "Listrik Kos": 0.059571930289576566,
    "Makan Malam": 0.21522761911072824,
    "Makan Pagi": 0.21294148830428733,
    "Makan Siang": 0.21221257703266846,
    "Rekreasi": 0.07265920084818767,
    "Transportasi Umum": 0.01978000132529322
}