{
    "Belanja Bulanan": 0.1400311668222031,
    "Bensin": 0.07206481761095704,
    "Listrik Kos": 0.07782393183385275,
    "Makan Malam": 0.20275676638405382,
    "Makan Pagi": 0.2076205084213529,
    "Makan Siang": 0.20253200403984825,
    "Rekreasi": 0.07582830344115137,
    "Transportasi Umum": 0.021342501446580762
}